<?xml version="1.0" encoding="UTF-8"?>
<project-private xmlns="http://www.netbeans.org/ns/project-private/1">
    <editor-bookmarks xmlns="http://www.netbeans.org/ns/editor-bookmarks/2" lastBookmarkId="0"/>
    <open-files xmlns="http://www.netbeans.org/ns/projectui-open-files/2">
        <group>
            <file>file:/Users/user/NetBeansProjects/ordersSysyem/src/desing/orderHistorysss.java</file>
            <file>file:/Users/user/NetBeansProjects/ordersSysyem/src/SQLpack/inserthistorys.sql</file>
            <file>file:/Users/user/NetBeansProjects/ordersSysyem/src/desing/coustomerentry.java</file>
            <file>file:/Users/user/NetBeansProjects/ordersSysyem/src/dbTest/orderHistorys.java</file>
            <file>file:/Users/user/NetBeansProjects/ordersSysyem/src/SQLpack/InsertProduct.sql</file>
            <file>file:/Users/user/NetBeansProjects/ordersSysyem/src/SQLpack/createhistorys.sql</file>
        </group>
    </open-files>
</project-private>
